{
  "total_days": 9,
  "days_with_activity": 9,
  "total_sessions": 46,
  "avg_sessions_per_day": 5.111111111111111,
  "avg_session_duration": 62.850466367753626,
  "median_session_duration": 21.596477558333333,
  "total_usage_hours": 48.185357548611115,
  "peak_start_hour": 11
}